/Users/shashankginjpalli/Desktop/Udemy Self Driving/Self Driving /IMG/center_2020_08_13_11_28_29_779.jpg, /Users/shashankginjpalli/Desktop/Udemy Self Driving/Self Driving /IMG/left_2020_08_13_11_28_29_779.jpg, /Users/shashankginjpalli/Desktop/Udemy Self Driving/Self Driving /IMG/right_2020_08_13_11_28_29_779.jpg, 0, 0, 0, 8.18538E-05
/Users/shashankginjpalli/Desktop/Udemy Self Driving/Self Driving /IMG/center_2020_08_13_11_28_29_881.jpg, /Users/shashankginjpalli/Desktop/Udemy Self Driving/Self Driving /IMG/left_2020_08_13_11_28_29_881.jpg, /Users/shashankginjpalli/Desktop/Udemy Self Driving/Self Driving /IMG/right_2020_08_13_11_28_29_881.jpg, 0, 0, 0, 8.225684E-05
/Users/shashankginjpalli/Desktop/Udemy Self Driving/Self Driving /IMG/center_2020_08_13_11_28_29_982.jpg, /Users/shashankginjpalli/Desktop/Udemy Self Driving/Self Driving /IMG/left_2020_08_13_11_28_29_982.jpg, /Users/shashankginjpalli/Desktop/Udemy Self Driving/Self Driving /IMG/right_2020_08_13_11_28_29_982.jpg, 0, 0, 0, 8.271064E-05
/Users/shashankginjpalli/Desktop/Udemy Self Driving/Self Driving /IMG/center_2020_08_13_11_28_30_101.jpg, /Users/shashankginjpalli/Desktop/Udemy Self Driving/Self Driving /IMG/left_2020_08_13_11_28_30_101.jpg, /Users/shashankginjpalli/Desktop/Udemy Self Driving/Self Driving /IMG/right_2020_08_13_11_28_30_101.jpg, 0, 0, 0, 8.364478E-05
/Users/shashankginjpalli/Desktop/Udemy Self Driving/Self Driving /IMG/center_2020_08_13_11_28_30_202.jpg, /Users/shashankginjpalli/Desktop/Udemy Self Driving/Self Driving /IMG/left_2020_08_13_11_28_30_202.jpg, /Users/shashankginjpalli/Desktop/Udemy Self Driving/Self Driving /IMG/right_2020_08_13_11_28_30_202.jpg, 0, 0, 0, 8.239062E-05
/Users/shashankginjpalli/Desktop/Udemy Self Driving/Self Driving /IMG/center_2020_08_13_11_28_30_308.jpg, /Users/shashankginjpalli/Desktop/Udemy Self Driving/Self Driving /IMG/left_2020_08_13_11_28_30_308.jpg, /Users/shashankginjpalli/Desktop/Udemy Self Driving/Self Driving /IMG/right_2020_08_13_11_28_30_308.jpg, 0, 0, 0, 8.285296E-05
/Users/shashankginjpalli/Desktop/Udemy Self Driving/Self Driving /IMG/center_2020_08_13_11_28_30_412.jpg, /Users/shashankginjpalli/Desktop/Udemy Self Driving/Self Driving /IMG/left_2020_08_13_11_28_30_412.jpg, /Users/shashankginjpalli/Desktop/Udemy Self Driving/Self Driving /IMG/right_2020_08_13_11_28_30_412.jpg, 0, 0, 0, 8.213675E-05
/Users/shashankginjpalli/Desktop/Udemy Self Driving/Self Driving /IMG/center_2020_08_13_11_28_30_524.jpg, /Users/shashankginjpalli/Desktop/Udemy Self Driving/Self Driving /IMG/left_2020_08_13_11_28_30_524.jpg, /Users/shashankginjpalli/Desktop/Udemy Self Driving/Self Driving /IMG/right_2020_08_13_11_28_30_524.jpg, 0, 0, 0, 8.213057E-05
/Users/shashankginjpalli/Desktop/Udemy Self Driving/Self Driving /IMG/center_2020_08_13_11_28_30_657.jpg, /Users/shashankginjpalli/Desktop/Udemy Self Driving/Self Driving /IMG/left_2020_08_13_11_28_30_657.jpg, /Users/shashankginjpalli/Desktop/Udemy Self Driving/Self Driving /IMG/right_2020_08_13_11_28_30_657.jpg, 0, 0, 0, 8.215234E-05
/Users/shashankginjpalli/Desktop/Udemy Self Driving/Self Driving /IMG/center_2020_08_13_11_28_30_757.jpg, /Users/shashankginjpalli/Desktop/Udemy Self Driving/Self Driving /IMG/left_2020_08_13_11_28_30_757.jpg, /Users/shashankginjpalli/Desktop/Udemy Self Driving/Self Driving /IMG/right_2020_08_13_11_28_30_757.jpg, 0, 0, 0, 8.197128E-05
/Users/shashankginjpalli/Desktop/Udemy Self Driving/Self Driving /IMG/center_2020_08_13_11_28_30_900.jpg, /Users/shashankginjpalli/Desktop/Udemy Self Driving/Self Driving /IMG/left_2020_08_13_11_28_30_900.jpg, /Users/shashankginjpalli/Desktop/Udemy Self Driving/Self Driving /IMG/right_2020_08_13_11_28_30_900.jpg, 0, 0.2966369, 0, 0.2361678
/Users/shashankginjpalli/Desktop/Udemy Self Driving/Self Driving /IMG/center_2020_08_13_11_28_31_001.jpg, /Users/shashankginjpalli/Desktop/Udemy Self Driving/Self Driving /IMG/left_2020_08_13_11_28_31_001.jpg, /Users/shashankginjpalli/Desktop/Udemy Self Driving/Self Driving /IMG/right_2020_08_13_11_28_31_001.jpg, 0, 0.5990371, 0, 0.7979546
/Users/shashankginjpalli/Desktop/Udemy Self Driving/Self Driving /IMG/center_2020_08_13_11_28_31_102.jpg, /Users/shashankginjpalli/Desktop/Udemy Self Driving/Self Driving /IMG/left_2020_08_13_11_28_31_102.jpg, /Users/shashankginjpalli/Desktop/Udemy Self Driving/Self Driving /IMG/right_2020_08_13_11_28_31_102.jpg, 0, 0.9038308, 0, 1.700785
/Users/shashankginjpalli/Desktop/Udemy Self Driving/Self Driving /IMG/center_2020_08_13_11_28_31_218.jpg, /Users/shashankginjpalli/Desktop/Udemy Self Driving/Self Driving /IMG/left_2020_08_13_11_28_31_218.jpg, /Users/shashankginjpalli/Desktop/Udemy Self Driving/Self Driving /IMG/right_2020_08_13_11_28_31_218.jpg, 0, 1, 0, 3.09738
/Users/shashankginjpalli/Desktop/Udemy Self Driving/Self Driving /IMG/center_2020_08_13_11_28_31_320.jpg, /Users/shashankginjpalli/Desktop/Udemy Self Driving/Self Driving /IMG/left_2020_08_13_11_28_31_320.jpg, /Users/shashankginjpalli/Desktop/Udemy Self Driving/Self Driving /IMG/right_2020_08_13_11_28_31_320.jpg, 0, 1, 0, 4.269455
/Users/shashankginjpalli/Desktop/Udemy Self Driving/Self Driving /IMG/center_2020_08_13_11_28_31_425.jpg, /Users/shashankginjpalli/Desktop/Udemy Self Driving/Self Driving /IMG/left_2020_08_13_11_28_31_425.jpg, /Users/shashankginjpalli/Desktop/Udemy Self Driving/Self Driving /IMG/right_2020_08_13_11_28_31_425.jpg, 0, 1, 0, 5.432479
/Users/shashankginjpalli/Desktop/Udemy Self Driving/Self Driving /IMG/center_2020_08_13_11_28_31_532.jpg, /Users/shashankginjpalli/Desktop/Udemy Self Driving/Self Driving /IMG/left_2020_08_13_11_28_31_532.jpg, /Users/shashankginjpalli/Desktop/Udemy Self Driving/Self Driving /IMG/right_2020_08_13_11_28_31_532.jpg, 0, 1, 0, 6.813367
/Users/shashankginjpalli/Desktop/Udemy Self Driving/Self Driving /IMG/center_2020_08_13_11_28_31_633.jpg, /Users/shashankginjpalli/Desktop/Udemy Self Driving/Self Driving /IMG/left_2020_08_13_11_28_31_633.jpg, /Users/shashankginjpalli/Desktop/Udemy Self Driving/Self Driving /IMG/right_2020_08_13_11_28_31_633.jpg, 0, 1, 0, 7.951835
/Users/shashankginjpalli/Desktop/Udemy Self Driving/Self Driving /IMG/center_2020_08_13_11_28_31_736.jpg, /Users/shashankginjpalli/Desktop/Udemy Self Driving/Self Driving /IMG/left_2020_08_13_11_28_31_736.jpg, /Users/shashankginjpalli/Desktop/Udemy Self Driving/Self Driving /IMG/right_2020_08_13_11_28_31_736.jpg, 0, 1, 0, 9.079235
/Users/shashankginjpalli/Desktop/Udemy Self Driving/Self Driving /IMG/center_2020_08_13_11_28_31_837.jpg, /Users/shashankginjpalli/Desktop/Udemy Self Driving/Self Driving /IMG/left_2020_08_13_11_28_31_837.jpg, /Users/shashankginjpalli/Desktop/Udemy Self Driving/Self Driving /IMG/right_2020_08_13_11_28_31_837.jpg, -0.09599697, 1, 0, 10.19357
/Users/shashankginjpalli/Desktop/Udemy Self Driving/Self Driving /IMG/center_2020_08_13_11_28_31_989.jpg, /Users/shashankginjpalli/Desktop/Udemy Self Driving/Self Driving /IMG/left_2020_08_13_11_28_31_989.jpg, /Users/shashankginjpalli/Desktop/Udemy Self Driving/Self Driving /IMG/right_2020_08_13_11_28_31_989.jpg, -0.5754511, 1, 0, 11.90333
/Users/shashankginjpalli/Desktop/Udemy Self Driving/Self Driving /IMG/center_2020_08_13_11_28_32_092.jpg, /Users/shashankginjpalli/Desktop/Udemy Self Driving/Self Driving /IMG/left_2020_08_13_11_28_32_092.jpg, /Users/shashankginjpalli/Desktop/Udemy Self Driving/Self Driving /IMG/right_2020_08_13_11_28_32_092.jpg, -0.2756073, 1, 0, 12.91031
/Users/shashankginjpalli/Desktop/Udemy Self Driving/Self Driving /IMG/center_2020_08_13_11_28_32_194.jpg, /Users/shashankginjpalli/Desktop/Udemy Self Driving/Self Driving /IMG/left_2020_08_13_11_28_32_194.jpg, /Users/shashankginjpalli/Desktop/Udemy Self Driving/Self Driving /IMG/right_2020_08_13_11_28_32_194.jpg, 0, 1, 0, 13.94042
/Users/shashankginjpalli/Desktop/Udemy Self Driving/Self Driving /IMG/center_2020_08_13_11_28_32_302.jpg, /Users/shashankginjpalli/Desktop/Udemy Self Driving/Self Driving /IMG/left_2020_08_13_11_28_32_302.jpg, /Users/shashankginjpalli/Desktop/Udemy Self Driving/Self Driving /IMG/right_2020_08_13_11_28_32_302.jpg, 0, 1, 0, 14.99165
/Users/shashankginjpalli/Desktop/Udemy Self Driving/Self Driving /IMG/center_2020_08_13_11_28_32_402.jpg, /Users/shashankginjpalli/Desktop/Udemy Self Driving/Self Driving /IMG/left_2020_08_13_11_28_32_402.jpg, /Users/shashankginjpalli/Desktop/Udemy Self Driving/Self Driving /IMG/right_2020_08_13_11_28_32_402.jpg, 0, 1, 0, 16.12059
/Users/shashankginjpalli/Desktop/Udemy Self Driving/Self Driving /IMG/center_2020_08_13_11_28_32_505.jpg, /Users/shashankginjpalli/Desktop/Udemy Self Driving/Self Driving /IMG/left_2020_08_13_11_28_32_505.jpg, /Users/shashankginjpalli/Desktop/Udemy Self Driving/Self Driving /IMG/right_2020_08_13_11_28_32_505.jpg, 0, 1, 0, 17.12359
/Users/shashankginjpalli/Desktop/Udemy Self Driving/Self Driving /IMG/center_2020_08_13_11_28_32_608.jpg, /Users/shashankginjpalli/Desktop/Udemy Self Driving/Self Driving /IMG/left_2020_08_13_11_28_32_608.jpg, /Users/shashankginjpalli/Desktop/Udemy Self Driving/Self Driving /IMG/right_2020_08_13_11_28_32_608.jpg, 0, 1, 0, 18.38408
/Users/shashankginjpalli/Desktop/Udemy Self Driving/Self Driving /IMG/center_2020_08_13_11_28_32_717.jpg, /Users/shashankginjpalli/Desktop/Udemy Self Driving/Self Driving /IMG/left_2020_08_13_11_28_32_717.jpg, /Users/shashankginjpalli/Desktop/Udemy Self Driving/Self Driving /IMG/right_2020_08_13_11_28_32_717.jpg, 0, 1, 0, 19.41378
/Users/shashankginjpalli/Desktop/Udemy Self Driving/Self Driving /IMG/center_2020_08_13_11_28_32_817.jpg, /Users/shashankginjpalli/Desktop/Udemy Self Driving/Self Driving /IMG/left_2020_08_13_11_28_32_817.jpg, /Users/shashankginjpalli/Desktop/Udemy Self Driving/Self Driving /IMG/right_2020_08_13_11_28_32_817.jpg, 0, 1, 0, 20.43173
/Users/shashankginjpalli/Desktop/Udemy Self Driving/Self Driving /IMG/center_2020_08_13_11_28_32_920.jpg, /Users/shashankginjpalli/Desktop/Udemy Self Driving/Self Driving /IMG/left_2020_08_13_11_28_32_920.jpg, /Users/shashankginjpalli/Desktop/Udemy Self Driving/Self Driving /IMG/right_2020_08_13_11_28_32_920.jpg, 0, 1, 0, 21.43299
/Users/shashankginjpalli/Desktop/Udemy Self Driving/Self Driving /IMG/center_2020_08_13_11_28_33_020.jpg, /Users/shashankginjpalli/Desktop/Udemy Self Driving/Self Driving /IMG/left_2020_08_13_11_28_33_020.jpg, /Users/shashankginjpalli/Desktop/Udemy Self Driving/Self Driving /IMG/right_2020_08_13_11_28_33_020.jpg, 0, 1, 0, 22.43
/Users/shashankginjpalli/Desktop/Udemy Self Driving/Self Driving /IMG/center_2020_08_13_11_28_33_124.jpg, /Users/shashankginjpalli/Desktop/Udemy Self Driving/Self Driving /IMG/left_2020_08_13_11_28_33_124.jpg, /Users/shashankginjpalli/Desktop/Udemy Self Driving/Self Driving /IMG/right_2020_08_13_11_28_33_124.jpg, -0.0552721, 1, 0, 23.41009
/Users/shashankginjpalli/Desktop/Udemy Self Driving/Self Driving /IMG/center_2020_08_13_11_28_33_226.jpg, /Users/shashankginjpalli/Desktop/Udemy Self Driving/Self Driving /IMG/left_2020_08_13_11_28_33_226.jpg, /Users/shashankginjpalli/Desktop/Udemy Self Driving/Self Driving /IMG/right_2020_08_13_11_28_33_226.jpg, -0.3693842, 1, 0, 24.31066
/Users/shashankginjpalli/Desktop/Udemy Self Driving/Self Driving /IMG/center_2020_08_13_11_28_33_327.jpg, /Users/shashankginjpalli/Desktop/Udemy Self Driving/Self Driving /IMG/left_2020_08_13_11_28_33_327.jpg, /Users/shashankginjpalli/Desktop/Udemy Self Driving/Self Driving /IMG/right_2020_08_13_11_28_33_327.jpg, -0.4791538, 1, 0, 25.09098
/Users/shashankginjpalli/Desktop/Udemy Self Driving/Self Driving /IMG/center_2020_08_13_11_28_33_429.jpg, /Users/shashankginjpalli/Desktop/Udemy Self Driving/Self Driving /IMG/left_2020_08_13_11_28_33_429.jpg, /Users/shashankginjpalli/Desktop/Udemy Self Driving/Self Driving /IMG/right_2020_08_13_11_28_33_429.jpg, -0.1182686, 1, 0, 26.23858
/Users/shashankginjpalli/Desktop/Udemy Self Driving/Self Driving /IMG/center_2020_08_13_11_28_33_530.jpg, /Users/shashankginjpalli/Desktop/Udemy Self Driving/Self Driving /IMG/left_2020_08_13_11_28_33_530.jpg, /Users/shashankginjpalli/Desktop/Udemy Self Driving/Self Driving /IMG/right_2020_08_13_11_28_33_530.jpg, 0, 1, 0, 27.16392
/Users/shashankginjpalli/Desktop/Udemy Self Driving/Self Driving /IMG/center_2020_08_13_11_28_33_632.jpg, /Users/shashankginjpalli/Desktop/Udemy Self Driving/Self Driving /IMG/left_2020_08_13_11_28_33_632.jpg, /Users/shashankginjpalli/Desktop/Udemy Self Driving/Self Driving /IMG/right_2020_08_13_11_28_33_632.jpg, 0, 1, 0, 28.09576
/Users/shashankginjpalli/Desktop/Udemy Self Driving/Self Driving /IMG/center_2020_08_13_11_28_33_735.jpg, /Users/shashankginjpalli/Desktop/Udemy Self Driving/Self Driving /IMG/left_2020_08_13_11_28_33_735.jpg, /Users/shashankginjpalli/Desktop/Udemy Self Driving/Self Driving /IMG/right_2020_08_13_11_28_33_735.jpg, 0, 1, 0, 29.02137
/Users/shashankginjpalli/Desktop/Udemy Self Driving/Self Driving /IMG/center_2020_08_13_11_28_33_851.jpg, /Users/shashankginjpalli/Desktop/Udemy Self Driving/Self Driving /IMG/left_2020_08_13_11_28_33_851.jpg, /Users/shashankginjpalli/Desktop/Udemy Self Driving/Self Driving /IMG/right_2020_08_13_11_28_33_851.jpg, 0, 1, 0, 30.1196
/Users/shashankginjpalli/Desktop/Udemy Self Driving/Self Driving /IMG/center_2020_08_13_11_28_33_968.jpg, /Users/shashankginjpalli/Desktop/Udemy Self Driving/Self Driving /IMG/left_2020_08_13_11_28_33_968.jpg, /Users/shashankginjpalli/Desktop/Udemy Self Driving/Self Driving /IMG/right_2020_08_13_11_28_33_968.jpg, 0, 1, 0, 30.1903
/Users/shashankginjpalli/Desktop/Udemy Self Driving/Self Driving /IMG/center_2020_08_13_11_28_34_068.jpg, /Users/shashankginjpalli/Desktop/Udemy Self Driving/Self Driving /IMG/left_2020_08_13_11_28_34_068.jpg, /Users/shashankginjpalli/Desktop/Udemy Self Driving/Self Driving /IMG/right_2020_08_13_11_28_34_068.jpg, 0, 1, 0, 30.19027
/Users/shashankginjpalli/Desktop/Udemy Self Driving/Self Driving /IMG/center_2020_08_13_11_28_34_170.jpg, /Users/shashankginjpalli/Desktop/Udemy Self Driving/Self Driving /IMG/left_2020_08_13_11_28_34_170.jpg, /Users/shashankginjpalli/Desktop/Udemy Self Driving/Self Driving /IMG/right_2020_08_13_11_28_34_170.jpg, 0, 1, 0, 30.1903
/Users/shashankginjpalli/Desktop/Udemy Self Driving/Self Driving /IMG/center_2020_08_13_11_28_34_284.jpg, /Users/shashankginjpalli/Desktop/Udemy Self Driving/Self Driving /IMG/left_2020_08_13_11_28_34_284.jpg, /Users/shashankginjpalli/Desktop/Udemy Self Driving/Self Driving /IMG/right_2020_08_13_11_28_34_284.jpg, 0, 1, 0, 30.19029
/Users/shashankginjpalli/Desktop/Udemy Self Driving/Self Driving /IMG/center_2020_08_13_11_28_34_401.jpg, /Users/shashankginjpalli/Desktop/Udemy Self Driving/Self Driving /IMG/left_2020_08_13_11_28_34_401.jpg, /Users/shashankginjpalli/Desktop/Udemy Self Driving/Self Driving /IMG/right_2020_08_13_11_28_34_401.jpg, 0, 1, 0, 30.19029
/Users/shashankginjpalli/Desktop/Udemy Self Driving/Self Driving /IMG/center_2020_08_13_11_28_34_505.jpg, /Users/shashankginjpalli/Desktop/Udemy Self Driving/Self Driving /IMG/left_2020_08_13_11_28_34_505.jpg, /Users/shashankginjpalli/Desktop/Udemy Self Driving/Self Driving /IMG/right_2020_08_13_11_28_34_505.jpg, 0, 1, 0, 30.19031
/Users/shashankginjpalli/Desktop/Udemy Self Driving/Self Driving /IMG/center_2020_08_13_11_28_34_608.jpg, /Users/shashankginjpalli/Desktop/Udemy Self Driving/Self Driving /IMG/left_2020_08_13_11_28_34_608.jpg, /Users/shashankginjpalli/Desktop/Udemy Self Driving/Self Driving /IMG/right_2020_08_13_11_28_34_608.jpg, 0, 1, 0, 30.19032
/Users/shashankginjpalli/Desktop/Udemy Self Driving/Self Driving /IMG/center_2020_08_13_11_28_34_708.jpg, /Users/shashankginjpalli/Desktop/Udemy Self Driving/Self Driving /IMG/left_2020_08_13_11_28_34_708.jpg, /Users/shashankginjpalli/Desktop/Udemy Self Driving/Self Driving /IMG/right_2020_08_13_11_28_34_708.jpg, 0, 1, 0, 30.19029
/Users/shashankginjpalli/Desktop/Udemy Self Driving/Self Driving /IMG/center_2020_08_13_11_28_34_809.jpg, /Users/shashankginjpalli/Desktop/Udemy Self Driving/Self Driving /IMG/left_2020_08_13_11_28_34_809.jpg, /Users/shashankginjpalli/Desktop/Udemy Self Driving/Self Driving /IMG/right_2020_08_13_11_28_34_809.jpg, 0, 1, 0, 30.19031
/Users/shashankginjpalli/Desktop/Udemy Self Driving/Self Driving /IMG/center_2020_08_13_11_28_34_932.jpg, /Users/shashankginjpalli/Desktop/Udemy Self Driving/Self Driving /IMG/left_2020_08_13_11_28_34_932.jpg, /Users/shashankginjpalli/Desktop/Udemy Self Driving/Self Driving /IMG/right_2020_08_13_11_28_34_932.jpg, 0, 1, 0, 30.19032
/Users/shashankginjpalli/Desktop/Udemy Self Driving/Self Driving /IMG/center_2020_08_13_11_28_35_050.jpg, /Users/shashankginjpalli/Desktop/Udemy Self Driving/Self Driving /IMG/left_2020_08_13_11_28_35_050.jpg, /Users/shashankginjpalli/Desktop/Udemy Self Driving/Self Driving /IMG/right_2020_08_13_11_28_35_050.jpg, 0, 1, 0, 30.19031
/Users/shashankginjpalli/Desktop/Udemy Self Driving/Self Driving /IMG/center_2020_08_13_11_28_35_151.jpg, /Users/shashankginjpalli/Desktop/Udemy Self Driving/Self Driving /IMG/left_2020_08_13_11_28_35_151.jpg, /Users/shashankginjpalli/Desktop/Udemy Self Driving/Self Driving /IMG/right_2020_08_13_11_28_35_151.jpg, 0, 1, 0, 30.1903
/Users/shashankginjpalli/Desktop/Udemy Self Driving/Self Driving /IMG/center_2020_08_13_11_28_35_251.jpg, /Users/shashankginjpalli/Desktop/Udemy Self Driving/Self Driving /IMG/left_2020_08_13_11_28_35_251.jpg, /Users/shashankginjpalli/Desktop/Udemy Self Driving/Self Driving /IMG/right_2020_08_13_11_28_35_251.jpg, -0.1769428, 1, 0, 30.18188
/Users/shashankginjpalli/Desktop/Udemy Self Driving/Self Driving /IMG/center_2020_08_13_11_28_35_355.jpg, /Users/shashankginjpalli/Desktop/Udemy Self Driving/Self Driving /IMG/left_2020_08_13_11_28_35_355.jpg, /Users/shashankginjpalli/Desktop/Udemy Self Driving/Self Driving /IMG/right_2020_08_13_11_28_35_355.jpg, -0.2684612, 1, 0, 30.18196
/Users/shashankginjpalli/Desktop/Udemy Self Driving/Self Driving /IMG/center_2020_08_13_11_28_35_470.jpg, /Users/shashankginjpalli/Desktop/Udemy Self Driving/Self Driving /IMG/left_2020_08_13_11_28_35_470.jpg, /Users/shashankginjpalli/Desktop/Udemy Self Driving/Self Driving /IMG/right_2020_08_13_11_28_35_470.jpg, 0, 1, 0, 30.18845
/Users/shashankginjpalli/Desktop/Udemy Self Driving/Self Driving /IMG/center_2020_08_13_11_28_35_588.jpg, /Users/shashankginjpalli/Desktop/Udemy Self Driving/Self Driving /IMG/left_2020_08_13_11_28_35_588.jpg, /Users/shashankginjpalli/Desktop/Udemy Self Driving/Self Driving /IMG/right_2020_08_13_11_28_35_588.jpg, 0.2348428, 1, 0, 30.17123
/Users/shashankginjpalli/Desktop/Udemy Self Driving/Self Driving /IMG/center_2020_08_13_11_28_35_691.jpg, /Users/shashankginjpalli/Desktop/Udemy Self Driving/Self Driving /IMG/left_2020_08_13_11_28_35_691.jpg, /Users/shashankginjpalli/Desktop/Udemy Self Driving/Self Driving /IMG/right_2020_08_13_11_28_35_691.jpg, 0.5432789, 1, 0, 30.13342
/Users/shashankginjpalli/Desktop/Udemy Self Driving/Self Driving /IMG/center_2020_08_13_11_28_35_795.jpg, /Users/shashankginjpalli/Desktop/Udemy Self Driving/Self Driving /IMG/left_2020_08_13_11_28_35_795.jpg, /Users/shashankginjpalli/Desktop/Udemy Self Driving/Self Driving /IMG/right_2020_08_13_11_28_35_795.jpg, 0.4796097, 1, 0, 30.17432
/Users/shashankginjpalli/Desktop/Udemy Self Driving/Self Driving /IMG/center_2020_08_13_11_28_35_896.jpg, /Users/shashankginjpalli/Desktop/Udemy Self Driving/Self Driving /IMG/left_2020_08_13_11_28_35_896.jpg, /Users/shashankginjpalli/Desktop/Udemy Self Driving/Self Driving /IMG/right_2020_08_13_11_28_35_896.jpg, 0.1791208, 1, 0, 30.19448
/Users/shashankginjpalli/Desktop/Udemy Self Driving/Self Driving /IMG/center_2020_08_13_11_28_36_016.jpg, /Users/shashankginjpalli/Desktop/Udemy Self Driving/Self Driving /IMG/left_2020_08_13_11_28_36_016.jpg, /Users/shashankginjpalli/Desktop/Udemy Self Driving/Self Driving /IMG/right_2020_08_13_11_28_36_016.jpg, -0.08692217, 1, 0, 30.18212
/Users/shashankginjpalli/Desktop/Udemy Self Driving/Self Driving /IMG/center_2020_08_13_11_28_36_148.jpg, /Users/shashankginjpalli/Desktop/Udemy Self Driving/Self Driving /IMG/left_2020_08_13_11_28_36_148.jpg, /Users/shashankginjpalli/Desktop/Udemy Self Driving/Self Driving /IMG/right_2020_08_13_11_28_36_148.jpg, -0.4829822, 1, 0, 30.13817
/Users/shashankginjpalli/Desktop/Udemy Self Driving/Self Driving /IMG/center_2020_08_13_11_28_36_250.jpg, /Users/shashankginjpalli/Desktop/Udemy Self Driving/Self Driving /IMG/left_2020_08_13_11_28_36_250.jpg, /Users/shashankginjpalli/Desktop/Udemy Self Driving/Self Driving /IMG/right_2020_08_13_11_28_36_250.jpg, -0.7875631, 1, 0, 30.10459
/Users/shashankginjpalli/Desktop/Udemy Self Driving/Self Driving /IMG/center_2020_08_13_11_28_36_351.jpg, /Users/shashankginjpalli/Desktop/Udemy Self Driving/Self Driving /IMG/left_2020_08_13_11_28_36_351.jpg, /Users/shashankginjpalli/Desktop/Udemy Self Driving/Self Driving /IMG/right_2020_08_13_11_28_36_351.jpg, -0.7954892, 1, 0, 30.12724
/Users/shashankginjpalli/Desktop/Udemy Self Driving/Self Driving /IMG/center_2020_08_13_11_28_36_467.jpg, /Users/shashankginjpalli/Desktop/Udemy Self Driving/Self Driving /IMG/left_2020_08_13_11_28_36_467.jpg, /Users/shashankginjpalli/Desktop/Udemy Self Driving/Self Driving /IMG/right_2020_08_13_11_28_36_467.jpg, -0.4968631, 1, 0, 30.19596
/Users/shashankginjpalli/Desktop/Udemy Self Driving/Self Driving /IMG/center_2020_08_13_11_28_36_570.jpg, /Users/shashankginjpalli/Desktop/Udemy Self Driving/Self Driving /IMG/left_2020_08_13_11_28_36_570.jpg, /Users/shashankginjpalli/Desktop/Udemy Self Driving/Self Driving /IMG/right_2020_08_13_11_28_36_570.jpg, -0.1377511, 1, 0, 30.1945
/Users/shashankginjpalli/Desktop/Udemy Self Driving/Self Driving /IMG/center_2020_08_13_11_28_36_684.jpg, /Users/shashankginjpalli/Desktop/Udemy Self Driving/Self Driving /IMG/left_2020_08_13_11_28_36_684.jpg, /Users/shashankginjpalli/Desktop/Udemy Self Driving/Self Driving /IMG/right_2020_08_13_11_28_36_684.jpg, 0, 1, 0, 30.18818
/Users/shashankginjpalli/Desktop/Udemy Self Driving/Self Driving /IMG/center_2020_08_13_11_28_36_800.jpg, /Users/shashankginjpalli/Desktop/Udemy Self Driving/Self Driving /IMG/left_2020_08_13_11_28_36_800.jpg, /Users/shashankginjpalli/Desktop/Udemy Self Driving/Self Driving /IMG/right_2020_08_13_11_28_36_800.jpg, 0.2240667, 1, 0, 30.16932
/Users/shashankginjpalli/Desktop/Udemy Self Driving/Self Driving /IMG/center_2020_08_13_11_28_36_903.jpg, /Users/shashankginjpalli/Desktop/Udemy Self Driving/Self Driving /IMG/left_2020_08_13_11_28_36_903.jpg, /Users/shashankginjpalli/Desktop/Udemy Self Driving/Self Driving /IMG/right_2020_08_13_11_28_36_903.jpg, 0.492951, 1, 0, 30.14187
/Users/shashankginjpalli/Desktop/Udemy Self Driving/Self Driving /IMG/center_2020_08_13_11_28_37_008.jpg, /Users/shashankginjpalli/Desktop/Udemy Self Driving/Self Driving /IMG/left_2020_08_13_11_28_37_008.jpg, /Users/shashankginjpalli/Desktop/Udemy Self Driving/Self Driving /IMG/right_2020_08_13_11_28_37_008.jpg, 0.8455739, 1, 0, 30.10169
/Users/shashankginjpalli/Desktop/Udemy Self Driving/Self Driving /IMG/center_2020_08_13_11_28_37_108.jpg, /Users/shashankginjpalli/Desktop/Udemy Self Driving/Self Driving /IMG/left_2020_08_13_11_28_37_108.jpg, /Users/shashankginjpalli/Desktop/Udemy Self Driving/Self Driving /IMG/right_2020_08_13_11_28_37_108.jpg, 1, 1, 0, 30.09388
/Users/shashankginjpalli/Desktop/Udemy Self Driving/Self Driving /IMG/center_2020_08_13_11_28_37_217.jpg, /Users/shashankginjpalli/Desktop/Udemy Self Driving/Self Driving /IMG/left_2020_08_13_11_28_37_217.jpg, /Users/shashankginjpalli/Desktop/Udemy Self Driving/Self Driving /IMG/right_2020_08_13_11_28_37_217.jpg, 0.6718299, 1, 0, 30.1899
/Users/shashankginjpalli/Desktop/Udemy Self Driving/Self Driving /IMG/center_2020_08_13_11_28_37_334.jpg, /Users/shashankginjpalli/Desktop/Udemy Self Driving/Self Driving /IMG/left_2020_08_13_11_28_37_334.jpg, /Users/shashankginjpalli/Desktop/Udemy Self Driving/Self Driving /IMG/right_2020_08_13_11_28_37_334.jpg, -0.1494838, 1, 0, 30.15138
/Users/shashankginjpalli/Desktop/Udemy Self Driving/Self Driving /IMG/center_2020_08_13_11_28_37_435.jpg, /Users/shashankginjpalli/Desktop/Udemy Self Driving/Self Driving /IMG/left_2020_08_13_11_28_37_435.jpg, /Users/shashankginjpalli/Desktop/Udemy Self Driving/Self Driving /IMG/right_2020_08_13_11_28_37_435.jpg, -0.4503211, 1, 0, 30.12442
/Users/shashankginjpalli/Desktop/Udemy Self Driving/Self Driving /IMG/center_2020_08_13_11_28_37_536.jpg, /Users/shashankginjpalli/Desktop/Udemy Self Driving/Self Driving /IMG/left_2020_08_13_11_28_37_536.jpg, /Users/shashankginjpalli/Desktop/Udemy Self Driving/Self Driving /IMG/right_2020_08_13_11_28_37_536.jpg, -0.739068, 1, 0, 30.09006
/Users/shashankginjpalli/Desktop/Udemy Self Driving/Self Driving /IMG/center_2020_08_13_11_28_37_640.jpg, /Users/shashankginjpalli/Desktop/Udemy Self Driving/Self Driving /IMG/left_2020_08_13_11_28_37_640.jpg, /Users/shashankginjpalli/Desktop/Udemy Self Driving/Self Driving /IMG/right_2020_08_13_11_28_37_640.jpg, -1, 1, 0, 30.06684
/Users/shashankginjpalli/Desktop/Udemy Self Driving/Self Driving /IMG/center_2020_08_13_11_28_37_743.jpg, /Users/shashankginjpalli/Desktop/Udemy Self Driving/Self Driving /IMG/left_2020_08_13_11_28_37_743.jpg, /Users/shashankginjpalli/Desktop/Udemy Self Driving/Self Driving /IMG/right_2020_08_13_11_28_37_743.jpg, -1, 1, 0, 30.08852
/Users/shashankginjpalli/Desktop/Udemy Self Driving/Self Driving /IMG/center_2020_08_13_11_28_37_851.jpg, /Users/shashankginjpalli/Desktop/Udemy Self Driving/Self Driving /IMG/left_2020_08_13_11_28_37_851.jpg, /Users/shashankginjpalli/Desktop/Udemy Self Driving/Self Driving /IMG/right_2020_08_13_11_28_37_851.jpg, -0.7569762, 1, 0, 30.16955
/Users/shashankginjpalli/Desktop/Udemy Self Driving/Self Driving /IMG/center_2020_08_13_11_28_37_955.jpg, /Users/shashankginjpalli/Desktop/Udemy Self Driving/Self Driving /IMG/left_2020_08_13_11_28_37_955.jpg, /Users/shashankginjpalli/Desktop/Udemy Self Driving/Self Driving /IMG/right_2020_08_13_11_28_37_955.jpg, -0.4571499, 1, 0, 30.20527
/Users/shashankginjpalli/Desktop/Udemy Self Driving/Self Driving /IMG/center_2020_08_13_11_28_38_069.jpg, /Users/shashankginjpalli/Desktop/Udemy Self Driving/Self Driving /IMG/left_2020_08_13_11_28_38_069.jpg, /Users/shashankginjpalli/Desktop/Udemy Self Driving/Self Driving /IMG/right_2020_08_13_11_28_38_069.jpg, 0.1625161, 1, 0, 30.15783
/Users/shashankginjpalli/Desktop/Udemy Self Driving/Self Driving /IMG/center_2020_08_13_11_28_38_182.jpg, /Users/shashankginjpalli/Desktop/Udemy Self Driving/Self Driving /IMG/left_2020_08_13_11_28_38_182.jpg, /Users/shashankginjpalli/Desktop/Udemy Self Driving/Self Driving /IMG/right_2020_08_13_11_28_38_182.jpg, 0.5033941, 1, 0, 30.12583
/Users/shashankginjpalli/Desktop/Udemy Self Driving/Self Driving /IMG/center_2020_08_13_11_28_38_284.jpg, /Users/shashankginjpalli/Desktop/Udemy Self Driving/Self Driving /IMG/left_2020_08_13_11_28_38_284.jpg, /Users/shashankginjpalli/Desktop/Udemy Self Driving/Self Driving /IMG/right_2020_08_13_11_28_38_284.jpg, 0.759534, 1, 0, 30.1002
/Users/shashankginjpalli/Desktop/Udemy Self Driving/Self Driving /IMG/center_2020_08_13_11_28_38_402.jpg, /Users/shashankginjpalli/Desktop/Udemy Self Driving/Self Driving /IMG/left_2020_08_13_11_28_38_402.jpg, /Users/shashankginjpalli/Desktop/Udemy Self Driving/Self Driving /IMG/right_2020_08_13_11_28_38_402.jpg, 0.7092601, 1, 0, 30.13117
/Users/shashankginjpalli/Desktop/Udemy Self Driving/Self Driving /IMG/center_2020_08_13_11_28_38_505.jpg, /Users/shashankginjpalli/Desktop/Udemy Self Driving/Self Driving /IMG/left_2020_08_13_11_28_38_505.jpg, /Users/shashankginjpalli/Desktop/Udemy Self Driving/Self Driving /IMG/right_2020_08_13_11_28_38_505.jpg, 0.4465531, 1, 0, 30.19191
/Users/shashankginjpalli/Desktop/Udemy Self Driving/Self Driving /IMG/center_2020_08_13_11_28_38_615.jpg, /Users/shashankginjpalli/Desktop/Udemy Self Driving/Self Driving /IMG/left_2020_08_13_11_28_38_615.jpg, /Users/shashankginjpalli/Desktop/Udemy Self Driving/Self Driving /IMG/right_2020_08_13_11_28_38_615.jpg, -0.192549, 1, 0, 30.15318
/Users/shashankginjpalli/Desktop/Udemy Self Driving/Self Driving /IMG/center_2020_08_13_11_28_38_715.jpg, /Users/shashankginjpalli/Desktop/Udemy Self Driving/Self Driving /IMG/left_2020_08_13_11_28_38_715.jpg, /Users/shashankginjpalli/Desktop/Udemy Self Driving/Self Driving /IMG/right_2020_08_13_11_28_38_715.jpg, -0.478485, 1, 0, 30.12831
/Users/shashankginjpalli/Desktop/Udemy Self Driving/Self Driving /IMG/center_2020_08_13_11_28_38_817.jpg, /Users/shashankginjpalli/Desktop/Udemy Self Driving/Self Driving /IMG/left_2020_08_13_11_28_38_817.jpg, /Users/shashankginjpalli/Desktop/Udemy Self Driving/Self Driving /IMG/right_2020_08_13_11_28_38_817.jpg, -0.7731299, 1, 0, 30.10288
/Users/shashankginjpalli/Desktop/Udemy Self Driving/Self Driving /IMG/center_2020_08_13_11_28_38_918.jpg, /Users/shashankginjpalli/Desktop/Udemy Self Driving/Self Driving /IMG/left_2020_08_13_11_28_38_918.jpg, /Users/shashankginjpalli/Desktop/Udemy Self Driving/Self Driving /IMG/right_2020_08_13_11_28_38_918.jpg, -0.8243849, 1, 0, 30.1092
/Users/shashankginjpalli/Desktop/Udemy Self Driving/Self Driving /IMG/center_2020_08_13_11_28_39_020.jpg, /Users/shashankginjpalli/Desktop/Udemy Self Driving/Self Driving /IMG/left_2020_08_13_11_28_39_020.jpg, /Users/shashankginjpalli/Desktop/Udemy Self Driving/Self Driving /IMG/right_2020_08_13_11_28_39_020.jpg, -0.5207967, 1, 0, 30.19092
/Users/shashankginjpalli/Desktop/Udemy Self Driving/Self Driving /IMG/center_2020_08_13_11_28_39_133.jpg, /Users/shashankginjpalli/Desktop/Udemy Self Driving/Self Driving /IMG/left_2020_08_13_11_28_39_133.jpg, /Users/shashankginjpalli/Desktop/Udemy Self Driving/Self Driving /IMG/right_2020_08_13_11_28_39_133.jpg, 0.1378952, 1, 0, 30.15702
/Users/shashankginjpalli/Desktop/Udemy Self Driving/Self Driving /IMG/center_2020_08_13_11_28_39_234.jpg, /Users/shashankginjpalli/Desktop/Udemy Self Driving/Self Driving /IMG/left_2020_08_13_11_28_39_234.jpg, /Users/shashankginjpalli/Desktop/Udemy Self Driving/Self Driving /IMG/right_2020_08_13_11_28_39_234.jpg, 0.4408321, 1, 0, 30.12955
/Users/shashankginjpalli/Desktop/Udemy Self Driving/Self Driving /IMG/center_2020_08_13_11_28_39_337.jpg, /Users/shashankginjpalli/Desktop/Udemy Self Driving/Self Driving /IMG/left_2020_08_13_11_28_39_337.jpg, /Users/shashankginjpalli/Desktop/Udemy Self Driving/Self Driving /IMG/right_2020_08_13_11_28_39_337.jpg, 0.7217671, 1, 0, 30.10614
/Users/shashankginjpalli/Desktop/Udemy Self Driving/Self Driving /IMG/center_2020_08_13_11_28_39_461.jpg, /Users/shashankginjpalli/Desktop/Udemy Self Driving/Self Driving /IMG/left_2020_08_13_11_28_39_461.jpg, /Users/shashankginjpalli/Desktop/Udemy Self Driving/Self Driving /IMG/right_2020_08_13_11_28_39_461.jpg, 0.9238417, 1, 0, 30.07806
/Users/shashankginjpalli/Desktop/Udemy Self Driving/Self Driving /IMG/center_2020_08_13_11_28_39_583.jpg, /Users/shashankginjpalli/Desktop/Udemy Self Driving/Self Driving /IMG/left_2020_08_13_11_28_39_583.jpg, /Users/shashankginjpalli/Desktop/Udemy Self Driving/Self Driving /IMG/right_2020_08_13_11_28_39_583.jpg, 0.5563959, 1, 0, 30.189
/Users/shashankginjpalli/Desktop/Udemy Self Driving/Self Driving /IMG/center_2020_08_13_11_28_39_684.jpg, /Users/shashankginjpalli/Desktop/Udemy Self Driving/Self Driving /IMG/left_2020_08_13_11_28_39_684.jpg, /Users/shashankginjpalli/Desktop/Udemy Self Driving/Self Driving /IMG/right_2020_08_13_11_28_39_684.jpg, 0.2992178, 1, 0, 30.2006
/Users/shashankginjpalli/Desktop/Udemy Self Driving/Self Driving /IMG/center_2020_08_13_11_28_39_801.jpg, /Users/shashankginjpalli/Desktop/Udemy Self Driving/Self Driving /IMG/left_2020_08_13_11_28_39_801.jpg, /Users/shashankginjpalli/Desktop/Udemy Self Driving/Self Driving /IMG/right_2020_08_13_11_28_39_801.jpg, -0.2360937, 1, 0, 30.15319
/Users/shashankginjpalli/Desktop/Udemy Self Driving/Self Driving /IMG/center_2020_08_13_11_28_39_917.jpg, /Users/shashankginjpalli/Desktop/Udemy Self Driving/Self Driving /IMG/left_2020_08_13_11_28_39_917.jpg, /Users/shashankginjpalli/Desktop/Udemy Self Driving/Self Driving /IMG/right_2020_08_13_11_28_39_917.jpg, -0.5830228, 1, 0, 30.12029
/Users/shashankginjpalli/Desktop/Udemy Self Driving/Self Driving /IMG/center_2020_08_13_11_28_40_019.jpg, /Users/shashankginjpalli/Desktop/Udemy Self Driving/Self Driving /IMG/left_2020_08_13_11_28_40_019.jpg, /Users/shashankginjpalli/Desktop/Udemy Self Driving/Self Driving /IMG/right_2020_08_13_11_28_40_019.jpg, -0.8875469, 1, 0, 30.09433
/Users/shashankginjpalli/Desktop/Udemy Self Driving/Self Driving /IMG/center_2020_08_13_11_28_40_133.jpg, /Users/shashankginjpalli/Desktop/Udemy Self Driving/Self Driving /IMG/left_2020_08_13_11_28_40_133.jpg, /Users/shashankginjpalli/Desktop/Udemy Self Driving/Self Driving /IMG/right_2020_08_13_11_28_40_133.jpg, -0.5435851, 1, 0, 30.18285
/Users/shashankginjpalli/Desktop/Udemy Self Driving/Self Driving /IMG/center_2020_08_13_11_28_40_236.jpg, /Users/shashankginjpalli/Desktop/Udemy Self Driving/Self Driving /IMG/left_2020_08_13_11_28_40_236.jpg, /Users/shashankginjpalli/Desktop/Udemy Self Driving/Self Driving /IMG/right_2020_08_13_11_28_40_236.jpg, -0.2563201, 1, 0, 30.19858
/Users/shashankginjpalli/Desktop/Udemy Self Driving/Self Driving /IMG/center_2020_08_13_11_28_40_340.jpg, /Users/shashankginjpalli/Desktop/Udemy Self Driving/Self Driving /IMG/left_2020_08_13_11_28_40_340.jpg, /Users/shashankginjpalli/Desktop/Udemy Self Driving/Self Driving /IMG/right_2020_08_13_11_28_40_340.jpg, 0.06860375, 1, 0, 30.17659
/Users/shashankginjpalli/Desktop/Udemy Self Driving/Self Driving /IMG/center_2020_08_13_11_28_40_442.jpg, /Users/shashankginjpalli/Desktop/Udemy Self Driving/Self Driving /IMG/left_2020_08_13_11_28_40_442.jpg, /Users/shashankginjpalli/Desktop/Udemy Self Driving/Self Driving /IMG/right_2020_08_13_11_28_40_442.jpg, 0.3699059, 1, 0, 30.14402
/Users/shashankginjpalli/Desktop/Udemy Self Driving/Self Driving /IMG/center_2020_08_13_11_28_40_567.jpg, /Users/shashankginjpalli/Desktop/Udemy Self Driving/Self Driving /IMG/left_2020_08_13_11_28_40_567.jpg, /Users/shashankginjpalli/Desktop/Udemy Self Driving/Self Driving /IMG/right_2020_08_13_11_28_40_567.jpg, 0.7802249, 1, 0, 30.10077
/Users/shashankginjpalli/Desktop/Udemy Self Driving/Self Driving /IMG/center_2020_08_13_11_28_40_684.jpg, /Users/shashankginjpalli/Desktop/Udemy Self Driving/Self Driving /IMG/left_2020_08_13_11_28_40_684.jpg, /Users/shashankginjpalli/Desktop/Udemy Self Driving/Self Driving /IMG/right_2020_08_13_11_28_40_684.jpg, 0.8248919, 1, 0, 30.11823
/Users/shashankginjpalli/Desktop/Udemy Self Driving/Self Driving /IMG/center_2020_08_13_11_28_40_800.jpg, /Users/shashankginjpalli/Desktop/Udemy Self Driving/Self Driving /IMG/left_2020_08_13_11_28_40_800.jpg, /Users/shashankginjpalli/Desktop/Udemy Self Driving/Self Driving /IMG/right_2020_08_13_11_28_40_800.jpg, 0.4754609, 1, 0, 30.19711
/Users/shashankginjpalli/Desktop/Udemy Self Driving/Self Driving /IMG/center_2020_08_13_11_28_40_901.jpg, /Users/shashankginjpalli/Desktop/Udemy Self Driving/Self Driving /IMG/left_2020_08_13_11_28_40_901.jpg, /Users/shashankginjpalli/Desktop/Udemy Self Driving/Self Driving /IMG/right_2020_08_13_11_28_40_901.jpg, -0.1826102, 1, 0, 30.15177
/Users/shashankginjpalli/Desktop/Udemy Self Driving/Self Driving /IMG/center_2020_08_13_11_28_41_001.jpg, /Users/shashankginjpalli/Desktop/Udemy Self Driving/Self Driving /IMG/left_2020_08_13_11_28_41_001.jpg, /Users/shashankginjpalli/Desktop/Udemy Self Driving/Self Driving /IMG/right_2020_08_13_11_28_41_001.jpg, -0.4484789, 1, 0, 30.13085
/Users/shashankginjpalli/Desktop/Udemy Self Driving/Self Driving /IMG/center_2020_08_13_11_28_41_101.jpg, /Users/shashankginjpalli/Desktop/Udemy Self Driving/Self Driving /IMG/left_2020_08_13_11_28_41_101.jpg, /Users/shashankginjpalli/Desktop/Udemy Self Driving/Self Driving /IMG/right_2020_08_13_11_28_41_101.jpg, -0.7549682, 1, 0, 30.09919
/Users/shashankginjpalli/Desktop/Udemy Self Driving/Self Driving /IMG/center_2020_08_13_11_28_41_218.jpg, /Users/shashankginjpalli/Desktop/Udemy Self Driving/Self Driving /IMG/left_2020_08_13_11_28_41_218.jpg, /Users/shashankginjpalli/Desktop/Udemy Self Driving/Self Driving /IMG/right_2020_08_13_11_28_41_218.jpg, -1, 1, 0, 30.07965
/Users/shashankginjpalli/Desktop/Udemy Self Driving/Self Driving /IMG/center_2020_08_13_11_28_41_322.jpg, /Users/shashankginjpalli/Desktop/Udemy Self Driving/Self Driving /IMG/left_2020_08_13_11_28_41_322.jpg, /Users/shashankginjpalli/Desktop/Udemy Self Driving/Self Driving /IMG/right_2020_08_13_11_28_41_322.jpg, -0.700555, 1, 0, 30.16895
/Users/shashankginjpalli/Desktop/Udemy Self Driving/Self Driving /IMG/center_2020_08_13_11_28_41_435.jpg, /Users/shashankginjpalli/Desktop/Udemy Self Driving/Self Driving /IMG/left_2020_08_13_11_28_41_435.jpg, /Users/shashankginjpalli/Desktop/Udemy Self Driving/Self Driving /IMG/right_2020_08_13_11_28_41_435.jpg, -0.347179, 1, 0, 30.20383
/Users/shashankginjpalli/Desktop/Udemy Self Driving/Self Driving /IMG/center_2020_08_13_11_28_41_552.jpg, /Users/shashankginjpalli/Desktop/Udemy Self Driving/Self Driving /IMG/left_2020_08_13_11_28_41_552.jpg, /Users/shashankginjpalli/Desktop/Udemy Self Driving/Self Driving /IMG/right_2020_08_13_11_28_41_552.jpg, 0, 1, 0, 30.1841
/Users/shashankginjpalli/Desktop/Udemy Self Driving/Self Driving /IMG/center_2020_08_13_11_28_41_669.jpg, /Users/shashankginjpalli/Desktop/Udemy Self Driving/Self Driving /IMG/left_2020_08_13_11_28_41_669.jpg, /Users/shashankginjpalli/Desktop/Udemy Self Driving/Self Driving /IMG/right_2020_08_13_11_28_41_669.jpg, 0, 1, 0, 30.18981
/Users/shashankginjpalli/Desktop/Udemy Self Driving/Self Driving /IMG/center_2020_08_13_11_28_41_784.jpg, /Users/shashankginjpalli/Desktop/Udemy Self Driving/Self Driving /IMG/left_2020_08_13_11_28_41_784.jpg, /Users/shashankginjpalli/Desktop/Udemy Self Driving/Self Driving /IMG/right_2020_08_13_11_28_41_784.jpg, 0.343008, 0.8505312, 0, 30.14143
/Users/shashankginjpalli/Desktop/Udemy Self Driving/Self Driving /IMG/center_2020_08_13_11_28_41_888.jpg, /Users/shashankginjpalli/Desktop/Udemy Self Driving/Self Driving /IMG/left_2020_08_13_11_28_41_888.jpg, /Users/shashankginjpalli/Desktop/Udemy Self Driving/Self Driving /IMG/right_2020_08_13_11_28_41_888.jpg, 0.6253831, 0.53782, 0, 30.00235
/Users/shashankginjpalli/Desktop/Udemy Self Driving/Self Driving /IMG/center_2020_08_13_11_28_41_989.jpg, /Users/shashankginjpalli/Desktop/Udemy Self Driving/Self Driving /IMG/left_2020_08_13_11_28_41_989.jpg, /Users/shashankginjpalli/Desktop/Udemy Self Driving/Self Driving /IMG/right_2020_08_13_11_28_41_989.jpg, 0.3223143, 0.2347511, 0, 30.01102
/Users/shashankginjpalli/Desktop/Udemy Self Driving/Self Driving /IMG/center_2020_08_13_11_28_42_090.jpg, /Users/shashankginjpalli/Desktop/Udemy Self Driving/Self Driving /IMG/left_2020_08_13_11_28_42_090.jpg, /Users/shashankginjpalli/Desktop/Udemy Self Driving/Self Driving /IMG/right_2020_08_13_11_28_42_090.jpg, 0.01987839, 0, 0.222603, 28.51444
/Users/shashankginjpalli/Desktop/Udemy Self Driving/Self Driving /IMG/center_2020_08_13_11_28_42_191.jpg, /Users/shashankginjpalli/Desktop/Udemy Self Driving/Self Driving /IMG/left_2020_08_13_11_28_42_191.jpg, /Users/shashankginjpalli/Desktop/Udemy Self Driving/Self Driving /IMG/right_2020_08_13_11_28_42_191.jpg, 0, 0, 0.5155681, 26.72907
/Users/shashankginjpalli/Desktop/Udemy Self Driving/Self Driving /IMG/center_2020_08_13_11_28_42_301.jpg, /Users/shashankginjpalli/Desktop/Udemy Self Driving/Self Driving /IMG/left_2020_08_13_11_28_42_301.jpg, /Users/shashankginjpalli/Desktop/Udemy Self Driving/Self Driving /IMG/right_2020_08_13_11_28_42_301.jpg, -0.1496819, 0, 0.857205, 24.97339
/Users/shashankginjpalli/Desktop/Udemy Self Driving/Self Driving /IMG/center_2020_08_13_11_28_42_404.jpg, /Users/shashankginjpalli/Desktop/Udemy Self Driving/Self Driving /IMG/left_2020_08_13_11_28_42_404.jpg, /Users/shashankginjpalli/Desktop/Udemy Self Driving/Self Driving /IMG/right_2020_08_13_11_28_42_404.jpg, -0.4586309, 0, 1, 23.12332
/Users/shashankginjpalli/Desktop/Udemy Self Driving/Self Driving /IMG/center_2020_08_13_11_28_42_518.jpg, /Users/shashankginjpalli/Desktop/Udemy Self Driving/Self Driving /IMG/left_2020_08_13_11_28_42_518.jpg, /Users/shashankginjpalli/Desktop/Udemy Self Driving/Self Driving /IMG/right_2020_08_13_11_28_42_518.jpg, -0.4503508, 0, 1, 20.90848
/Users/shashankginjpalli/Desktop/Udemy Self Driving/Self Driving /IMG/center_2020_08_13_11_28_42_622.jpg, /Users/shashankginjpalli/Desktop/Udemy Self Driving/Self Driving /IMG/left_2020_08_13_11_28_42_622.jpg, /Users/shashankginjpalli/Desktop/Udemy Self Driving/Self Driving /IMG/right_2020_08_13_11_28_42_622.jpg, -0.1519257, 0, 1, 19.27032
/Users/shashankginjpalli/Desktop/Udemy Self Driving/Self Driving /IMG/center_2020_08_13_11_28_42_725.jpg, /Users/shashankginjpalli/Desktop/Udemy Self Driving/Self Driving /IMG/left_2020_08_13_11_28_42_725.jpg, /Users/shashankginjpalli/Desktop/Udemy Self Driving/Self Driving /IMG/right_2020_08_13_11_28_42_725.jpg, 0, 0, 1, 17.62737
/Users/shashankginjpalli/Desktop/Udemy Self Driving/Self Driving /IMG/center_2020_08_13_11_28_42_825.jpg, /Users/shashankginjpalli/Desktop/Udemy Self Driving/Self Driving /IMG/left_2020_08_13_11_28_42_825.jpg, /Users/shashankginjpalli/Desktop/Udemy Self Driving/Self Driving /IMG/right_2020_08_13_11_28_42_825.jpg, 0, 0, 1, 16.01856
/Users/shashankginjpalli/Desktop/Udemy Self Driving/Self Driving /IMG/center_2020_08_13_11_28_42_929.jpg, /Users/shashankginjpalli/Desktop/Udemy Self Driving/Self Driving /IMG/left_2020_08_13_11_28_42_929.jpg, /Users/shashankginjpalli/Desktop/Udemy Self Driving/Self Driving /IMG/right_2020_08_13_11_28_42_929.jpg, 0, 0, 1, 14.12172
/Users/shashankginjpalli/Desktop/Udemy Self Driving/Self Driving /IMG/center_2020_08_13_11_28_43_032.jpg, /Users/shashankginjpalli/Desktop/Udemy Self Driving/Self Driving /IMG/left_2020_08_13_11_28_43_032.jpg, /Users/shashankginjpalli/Desktop/Udemy Self Driving/Self Driving /IMG/right_2020_08_13_11_28_43_032.jpg, 0, 0, 1, 12.5661
/Users/shashankginjpalli/Desktop/Udemy Self Driving/Self Driving /IMG/center_2020_08_13_11_28_43_135.jpg, /Users/shashankginjpalli/Desktop/Udemy Self Driving/Self Driving /IMG/left_2020_08_13_11_28_43_135.jpg, /Users/shashankginjpalli/Desktop/Udemy Self Driving/Self Driving /IMG/right_2020_08_13_11_28_43_135.jpg, 0, 0, 1, 11.03269
/Users/shashankginjpalli/Desktop/Udemy Self Driving/Self Driving /IMG/center_2020_08_13_11_28_43_238.jpg, /Users/shashankginjpalli/Desktop/Udemy Self Driving/Self Driving /IMG/left_2020_08_13_11_28_43_238.jpg, /Users/shashankginjpalli/Desktop/Udemy Self Driving/Self Driving /IMG/right_2020_08_13_11_28_43_238.jpg, 0, 0, 1, 9.527213
/Users/shashankginjpalli/Desktop/Udemy Self Driving/Self Driving /IMG/center_2020_08_13_11_28_43_350.jpg, /Users/shashankginjpalli/Desktop/Udemy Self Driving/Self Driving /IMG/left_2020_08_13_11_28_43_350.jpg, /Users/shashankginjpalli/Desktop/Udemy Self Driving/Self Driving /IMG/right_2020_08_13_11_28_43_350.jpg, 0, 0, 1, 7.731687
/Users/shashankginjpalli/Desktop/Udemy Self Driving/Self Driving /IMG/center_2020_08_13_11_28_43_462.jpg, /Users/shashankginjpalli/Desktop/Udemy Self Driving/Self Driving /IMG/left_2020_08_13_11_28_43_462.jpg, /Users/shashankginjpalli/Desktop/Udemy Self Driving/Self Driving /IMG/right_2020_08_13_11_28_43_462.jpg, 0, 0, 1, 6.2667
/Users/shashankginjpalli/Desktop/Udemy Self Driving/Self Driving /IMG/center_2020_08_13_11_28_43_570.jpg, /Users/shashankginjpalli/Desktop/Udemy Self Driving/Self Driving /IMG/left_2020_08_13_11_28_43_570.jpg, /Users/shashankginjpalli/Desktop/Udemy Self Driving/Self Driving /IMG/right_2020_08_13_11_28_43_570.jpg, 0, 0, 1, 4.564615
/Users/shashankginjpalli/Desktop/Udemy Self Driving/Self Driving /IMG/center_2020_08_13_11_28_43_671.jpg, /Users/shashankginjpalli/Desktop/Udemy Self Driving/Self Driving /IMG/left_2020_08_13_11_28_43_671.jpg, /Users/shashankginjpalli/Desktop/Udemy Self Driving/Self Driving /IMG/right_2020_08_13_11_28_43_671.jpg, 0, 0, 1, 4.153873
/Users/shashankginjpalli/Desktop/Udemy Self Driving/Self Driving /IMG/center_2020_08_13_11_28_43_772.jpg, /Users/shashankginjpalli/Desktop/Udemy Self Driving/Self Driving /IMG/left_2020_08_13_11_28_43_772.jpg, /Users/shashankginjpalli/Desktop/Udemy Self Driving/Self Driving /IMG/right_2020_08_13_11_28_43_772.jpg, 0, 0, 1, 3.746367
/Users/shashankginjpalli/Desktop/Udemy Self Driving/Self Driving /IMG/center_2020_08_13_11_28_43_884.jpg, /Users/shashankginjpalli/Desktop/Udemy Self Driving/Self Driving /IMG/left_2020_08_13_11_28_43_884.jpg, /Users/shashankginjpalli/Desktop/Udemy Self Driving/Self Driving /IMG/right_2020_08_13_11_28_43_884.jpg, 0, 0, 1, 3.362822
/Users/shashankginjpalli/Desktop/Udemy Self Driving/Self Driving /IMG/center_2020_08_13_11_28_44_001.jpg, /Users/shashankginjpalli/Desktop/Udemy Self Driving/Self Driving /IMG/left_2020_08_13_11_28_44_001.jpg, /Users/shashankginjpalli/Desktop/Udemy Self Driving/Self Driving /IMG/right_2020_08_13_11_28_44_001.jpg, 0, 0, 1, 2.862173
/Users/shashankginjpalli/Desktop/Udemy Self Driving/Self Driving /IMG/center_2020_08_13_11_28_44_102.jpg, /Users/shashankginjpalli/Desktop/Udemy Self Driving/Self Driving /IMG/left_2020_08_13_11_28_44_102.jpg, /Users/shashankginjpalli/Desktop/Udemy Self Driving/Self Driving /IMG/right_2020_08_13_11_28_44_102.jpg, 0, 0, 1, 2.500291
/Users/shashankginjpalli/Desktop/Udemy Self Driving/Self Driving /IMG/center_2020_08_13_11_28_44_204.jpg, /Users/shashankginjpalli/Desktop/Udemy Self Driving/Self Driving /IMG/left_2020_08_13_11_28_44_204.jpg, /Users/shashankginjpalli/Desktop/Udemy Self Driving/Self Driving /IMG/right_2020_08_13_11_28_44_204.jpg, 0, 0, 1, 2.076691
/Users/shashankginjpalli/Desktop/Udemy Self Driving/Self Driving /IMG/center_2020_08_13_11_28_44_309.jpg, /Users/shashankginjpalli/Desktop/Udemy Self Driving/Self Driving /IMG/left_2020_08_13_11_28_44_309.jpg, /Users/shashankginjpalli/Desktop/Udemy Self Driving/Self Driving /IMG/right_2020_08_13_11_28_44_309.jpg, 0, 0, 1, 1.643937
/Users/shashankginjpalli/Desktop/Udemy Self Driving/Self Driving /IMG/center_2020_08_13_11_28_44_418.jpg, /Users/shashankginjpalli/Desktop/Udemy Self Driving/Self Driving /IMG/left_2020_08_13_11_28_44_418.jpg, /Users/shashankginjpalli/Desktop/Udemy Self Driving/Self Driving /IMG/right_2020_08_13_11_28_44_418.jpg, 0, 0, 1, 1.236787
/Users/shashankginjpalli/Desktop/Udemy Self Driving/Self Driving /IMG/center_2020_08_13_11_28_44_535.jpg, /Users/shashankginjpalli/Desktop/Udemy Self Driving/Self Driving /IMG/left_2020_08_13_11_28_44_535.jpg, /Users/shashankginjpalli/Desktop/Udemy Self Driving/Self Driving /IMG/right_2020_08_13_11_28_44_535.jpg, 0, 0, 1, 0.7947574
/Users/shashankginjpalli/Desktop/Udemy Self Driving/Self Driving /IMG/center_2020_08_13_11_28_44_651.jpg, /Users/shashankginjpalli/Desktop/Udemy Self Driving/Self Driving /IMG/left_2020_08_13_11_28_44_651.jpg, /Users/shashankginjpalli/Desktop/Udemy Self Driving/Self Driving /IMG/right_2020_08_13_11_28_44_651.jpg, 0, 0, 1, 0.3500866
/Users/shashankginjpalli/Desktop/Udemy Self Driving/Self Driving /IMG/center_2020_08_13_11_28_44_752.jpg, /Users/shashankginjpalli/Desktop/Udemy Self Driving/Self Driving /IMG/left_2020_08_13_11_28_44_752.jpg, /Users/shashankginjpalli/Desktop/Udemy Self Driving/Self Driving /IMG/right_2020_08_13_11_28_44_752.jpg, 0, 0, 0.947512, 0.03486246
/Users/shashankginjpalli/Desktop/Udemy Self Driving/Self Driving /IMG/center_2020_08_13_11_28_44_855.jpg, /Users/shashankginjpalli/Desktop/Udemy Self Driving/Self Driving /IMG/left_2020_08_13_11_28_44_855.jpg, /Users/shashankginjpalli/Desktop/Udemy Self Driving/Self Driving /IMG/right_2020_08_13_11_28_44_855.jpg, 0, 0, 0.655618, 0.2565261
/Users/shashankginjpalli/Desktop/Udemy Self Driving/Self Driving /IMG/center_2020_08_13_11_28_44_957.jpg, /Users/shashankginjpalli/Desktop/Udemy Self Driving/Self Driving /IMG/left_2020_08_13_11_28_44_957.jpg, /Users/shashankginjpalli/Desktop/Udemy Self Driving/Self Driving /IMG/right_2020_08_13_11_28_44_957.jpg, 0, 0, 0.351424, 0.4920709
/Users/shashankginjpalli/Desktop/Udemy Self Driving/Self Driving /IMG/center_2020_08_13_11_28_45_057.jpg, /Users/shashankginjpalli/Desktop/Udemy Self Driving/Self Driving /IMG/left_2020_08_13_11_28_45_057.jpg, /Users/shashankginjpalli/Desktop/Udemy Self Driving/Self Driving /IMG/right_2020_08_13_11_28_45_057.jpg, 0, 0, 0.05530596, 0.5071729
/Users/shashankginjpalli/Desktop/Udemy Self Driving/Self Driving /IMG/center_2020_08_13_11_28_45_168.jpg, /Users/shashankginjpalli/Desktop/Udemy Self Driving/Self Driving /IMG/left_2020_08_13_11_28_45_168.jpg, /Users/shashankginjpalli/Desktop/Udemy Self Driving/Self Driving /IMG/right_2020_08_13_11_28_45_168.jpg, 0, 0, 0, 0.5033909
/Users/shashankginjpalli/Desktop/Udemy Self Driving/Self Driving /IMG/center_2020_08_13_11_28_45_269.jpg, /Users/shashankginjpalli/Desktop/Udemy Self Driving/Self Driving /IMG/left_2020_08_13_11_28_45_269.jpg, /Users/shashankginjpalli/Desktop/Udemy Self Driving/Self Driving /IMG/right_2020_08_13_11_28_45_269.jpg, 0, 0, 0, 0.4972145
